Time_s_int,Date,SessionTime,DriverAhead,DistanceToDriverAhead,Time,RPM,Speed,nGear,Throttle,Brake,DRS,Source,Distance,RelativeDistance,Status,X,Y,Z,Driver,Year,Event,LapNumber,Sector1Time,Sector2Time,Sector3Time,LapTime,Compound,TyreLife,AirTemp,TrackTemp,Rainfall,Opponent_Compound,Opponent_TyreLife,Time_s
0,2023-09-03 13:29:08.740,0 days 01:28:07.695000,,57.3238888888889,0 days 00:00:00,11083.57142857143,312.2857142857143,8,100.0,False,8,interpolation,0.014405672089265287,2.497686408874633e-06,OnTrack,-1384.6070597027535,-804.021354238376,1870.82377287127,1,2023,Monza,5.0,0 days 00:00:28.155000,0 days 00:00:29.514000,0 days 00:00:28.507000,0 days 00:01:26.176000,MEDIUM,5.0,29.5,43.1,False,UNKNOWN,0.0,0.0
1,2023-09-03 13:29:09.819,0 days 01:28:08.774000,55,57.56777777777782,0 days 00:00:01.079000,11236.0,318.0,8,100.0,False,8,car,94.84499999999998,0.01644443008155269,OnTrack,-1287.2290061409224,306.06422460667784,1876.70939135826,1,2023,Monza,5.0,0 days 00:00:28.155000,0 days 00:00:29.514000,0 days 00:00:28.507000,0 days 00:01:26.176000,MEDIUM,5.0,29.5,43.1,False,MEDIUM,5.0,1.079
2,2023-09-03 13:29:10.874,0 days 01:28:09.829000,55,57.423611217777825,0 days 00:00:02.134000,11522.850007466666,325.72499946666665,8,100.0,False,12,pos,189.54962914377683,0.032864522362160156,OnTrack,-1211.0,1196.0,1881.0,1,2023,Monza,5.0,0 days 00:00:28.155000,0 days 00:00:29.514000,0 days 00:00:28.507000,0 days 00:01:26.176000,MEDIUM,5.0,29.5,43.1,False,MEDIUM,5.0,2.134
3,2023-09-03 13:29:11.854,0 days 01:28:10.809000,55,56.12305534222227,0 days 00:00:03.114000,11714.65500736,330.95500096,8,100.0,False,12,pos,279.06865233395706,0.04838552312993721,OnTrack,-1143.0,1978.0,1885.0,1,2023,Monza,5.0,0 days 00:00:28.155000,0 days 00:00:29.514000,0 days 00:00:28.507000,0 days 00:01:26.176000,MEDIUM,5.0,29.5,43.1,False,MEDIUM,5.0,3.114
4,2023-09-03 13:29:12.893,0 days 01:28:11.848000,55,53.09194465777785,0 days 00:00:04.153000,11773.0,334.8931816727273,8,100.0,False,12,pos,375.4597469665523,0.06509801842404911,OnTrack,-1046.0,3111.0,1891.0,1,2023,Monza,5.0,0 days 00:00:28.155000,0 days 00:00:29.514000,0 days 00:00:28.507000,0 days 00:01:26.176000,MEDIUM,5.0,29.5,43.1,False,MEDIUM,5.0,4.153
5,2023-09-03 13:29:13.753,0 days 01:28:12.708000,55,50.332778008888965,0 days 00:00:05.013000,11744.810714514286,333.81071451428573,8,100.0,False,12,pos,455.13049165265596,0.07891150348426172,OnTrack,-979.0,3887.0,1895.0,1,2023,Monza,5.0,0 days 00:00:28.155000,0 days 00:00:29.514000,0 days 00:00:28.507000,0 days 00:01:26.176000,MEDIUM,5.0,29.5,43.1,False,MEDIUM,5.0,5.013
6,2023-09-03 13:29:14.820,0 days 01:28:13.775000,55,45.9130555555555,0 days 00:00:06.080000,11786.0,332.0,8,100.0,False,12,car,553.7222222222223,0.09600554976999649,OnTrack,-901.9264738118727,4779.980728552968,1898.8539385392717,1,2023,Monza,5.0,0 days 00:00:28.155000,0 days 00:00:29.514000,0 days 00:00:28.507000,0 days 00:01:26.176000,MEDIUM,5.0,29.5,43.1,False,MEDIUM,5.0,6.08
7,2023-09-03 13:29:15.773,0 days 01:28:14.728000,55,40.78527813333329,0 days 00:00:07.033000,11600.68999168,330.43500032,8,100.0,False,12,pos,641.42489302049,0.11121162745366507,OnTrack,-827.0,5653.0,1904.0,1,2023,Monza,5.0,0 days 00:00:28.155000,0 days 00:00:29.514000,0 days 00:00:28.507000,0 days 00:01:26.176000,MEDIUM,5.0,29.5,43.1,False,MEDIUM,5.0,7.033
8,2023-09-03 13:29:16.774,0 days 01:28:15.729000,55,36.268332871111106,0 days 00:00:08.034000,10862.810868622222,313.6833258666667,8,0.0,False,0,pos,731.1391694011191,0.1267664816395299,OnTrack,-749.0,6569.0,1909.0,1,2023,Monza,5.0,0 days 00:00:28.155000,0 days 00:00:29.514000,0 days 00:00:28.507000,0 days 00:01:26.176000,MEDIUM,5.0,29.5,43.1,False,MEDIUM,5.0,8.034
9,2023-09-03 13:29:17.774,0 days 01:28:16.729000,55,30.502220800000092,0 days 00:00:09.034000,9512.275271466666,238.39999146666668,8,0.0,True,0,pos,805.0325383892575,0.13957827287592423,OnTrack,-687.0,7307.0,1913.0,1,2023,Monza,5.0,0 days 00:00:28.155000,0 days 00:00:29.514000,0 days 00:00:28.507000,0 days 00:01:26.176000,MEDIUM,5.0,29.5,43.1,False,MEDIUM,5.0,9.034
10,2023-09-03 13:29:18.860,0 days 01:28:17.815000,55,19.446666666666374,0 days 00:00:10.120000,10193.0,149.0,4,0.0,True,0,car,859.8986111111113,0.1490910705639827,OnTrack,-634.3848635720616,7908.459259299184,1916.2422706236384,1,2023,Monza,5.0,0 days 00:00:28.155000,0 days 00:00:29.514000,0 days 00:00:28.507000,0 days 00:01:26.176000,MEDIUM,5.0,29.5,43.1,False,MEDIUM,5.0,10.12
11,2023-09-03 13:29:19.740,0 days 01:28:18.695000,55,14.968888888888614,0 days 00:00:11,8517.0,101.0,2,0.0,True,0,car,887.4319444444448,0.15386485911279482,OnTrack,-571.7347040083281,8147.8884848703865,1917.81283875517,1,2023,Monza,5.0,0 days 00:00:28.155000,0 days 00:00:29.514000,0 days 00:00:28.507000,0 days 00:01:26.176000,MEDIUM,5.0,29.5,43.1,False,MEDIUM,5.0,11.0
12,2023-09-03 13:29:20.753,0 days 01:28:19.708000,55,12.69444437333298,0 days 00:00:12.013000,6342.575089066667,74.28750186666667,2,0.0,True,0,pos,910.444201018334,0.15785477364965045,OnTrack,-399.0,8302.0,1920.0,1,2023,Monza,5.0,0 days 00:00:28.155000,0 days 00:00:29.514000,0 days 00:00:28.507000,0 days 00:01:26.176000,MEDIUM,5.0,29.5,43.1,False,MEDIUM,5.0,12.013
13,2023-09-03 13:29:21.820,0 days 01:28:20.775000,55,12.302222222221872,0 days 00:00:13.080000,6559.0,79.0,2,0.0,True,0,car,932.354166666667,0.16165357061515453,OnTrack,-191.69077778991814,8378.6128009859,1920.7342499954545,1,2023,Monza,5.0,0 days 00:00:28.155000,0 days 00:00:29.514000,0 days 00:00:28.507000,0 days 00:01:26.176000,MEDIUM,5.0,29.5,43.1,False,MEDIUM,5.0,13.08
14,2023-09-03 13:29:22.753,0 days 01:28:21.708000,55,12.37555541333289,0 days 00:00:14.013000,6352.2531096,68.0,2,6.656248,False,0,pos,950.3639475991541,0.1647761451665633,OnTrack,-142.0,8545.0,1922.0,1,2023,Monza,5.0,0 days 00:00:28.155000,0 days 00:00:29.514000,0 days 00:00:28.507000,0 days 00:01:26.176000,MEDIUM,5.0,29.5,43.1,False,MEDIUM,5.0,14.013
15,2023-09-03 13:29:23.900,0 days 01:28:22.855000,55,16.97888888888849,0 days 00:00:15.160000,8562.0,88.0,2,49.0,False,0,car,975.1775000000004,0.16907837224791353,OnTrack,-172.16752611836853,8784.646903445313,1923.946328568283,1,2023,Monza,5.0,0 days 00:00:28.155000,0 days 00:00:29.514000,0 days 00:00:28.507000,0 days 00:01:26.176000,MEDIUM,5.0,29.5,43.1,False,MEDIUM,5.0,15.16
16,2023-09-03 13:29:25.060,0 days 01:28:24.015000,55,24.901111111110595,0 days 00:00:16.320000,10216.0,134.0,3,84.0,False,0,car,1011.8663888888893,0.17543957070964783,OnTrack,-260.8644051520169,9121.819997170394,1926.0279688814278,1,2023,Monza,5.0,0 days 00:00:28.155000,0 days 00:00:29.514000,0 days 00:00:28.507000,0 days 00:01:26.176000,MEDIUM,5.0,29.5,43.1,False,MEDIUM,5.0,16.32
17,2023-09-03 13:29:25.860,0 days 01:28:24.815000,55,30.589999999999236,0 days 00:00:17.120000,10408.0,165.0,4,100.0,False,0,car,1045.7552777777785,0.18131529914946906,OnTrack,-346.62838358878224,9484.30585481421,1927.9804719107804,1,2023,Monza,5.0,0 days 00:00:28.155000,0 days 00:00:29.514000,0 days 00:00:28.507000,0 days 00:01:26.176000,MEDIUM,5.0,29.5,43.1,False,MEDIUM,5.0,17.12
18,2023-09-03 13:29:26.940,0 days 01:28:25.895000,55,36.756666666665296,0 days 00:00:18.200000,10945.0,206.0,5,100.0,False,0,car,1102.7552777777787,0.19119808173841427,OnTrack,-419.2317630869241,10018.474653436671,1930.1035523441647,1,2023,Monza,5.0,0 days 00:00:28.155000,0 days 00:00:29.514000,0 days 00:00:28.507000,0 days 00:01:26.176000,MEDIUM,5.0,29.5,43.1,False,MEDIUM,5.0,18.2
19,2023-09-03 13:29:27.820,0 days 01:28:26.775000,55,40.623333333332084,0 days 00:00:19.080000,10512.0,231.0,5,100.0,False,0,car,1156.9663888888897,0.20059732077378722,OnTrack,-424.91606483277536,10562.694634885387,1933.5811654929516,1,2023,Monza,5.0,0 days 00:00:28.155000,0 days 00:00:29.514000,0 days 00:00:28.507000,0 days 00:01:26.176000,MEDIUM,5.0,29.5,43.1,False,MEDIUM,5.0,19.08
20,2023-09-03 13:29:28.820,0 days 01:28:27.775000,55,43.467777777776746,0 days 00:00:20.080000,11426.0,254.0,6,100.0,False,0,car,1225.388611111112,0.21246051281720327,OnTrack,-371.7495117747692,11274.694494932937,1936.185133046311,1,2023,Monza,5.0,0 days 00:00:28.155000,0 days 00:00:29.514000,0 days 00:00:28.507000,0 days 00:01:26.176000,MEDIUM,5.0,29.5,43.1,False,MEDIUM,5.0,20.08
21,2023-09-03 13:29:29.780,0 days 01:28:28.735000,55,45.55666666666548,0 days 00:00:21.040000,10847.0,268.0,7,100.0,False,0,car,1295.699722222223,0.22465120447857656,OnTrack,-204.28365920021193,12031.100218305435,1936.2769045826794,1,2023,Monza,5.0,0 days 00:00:28.155000,0 days 00:00:29.514000,0 days 00:00:28.507000,0 days 00:01:26.176000,MEDIUM,5.0,29.5,43.1,False,MEDIUM,5.0,21.04
22,2023-09-03 13:29:30.740,0 days 01:28:29.695000,55,46.801111111109776,0 days 00:00:22,11181.0,283.0,7,100.0,False,0,car,1370.2108333333342,0.2375701011728195,OnTrack,67.22394481659722,12628.020765618396,1935.6188609538947,1,2023,Monza,5.0,0 days 00:00:28.155000,0 days 00:00:29.514000,0 days 00:00:28.507000,0 days 00:01:26.176000,MEDIUM,5.0,29.5,43.1,False,MEDIUM,5.0,22.0
23,2023-09-03 13:29:31.740,0 days 01:28:30.695000,55,47.889999999998736,0 days 00:00:23,10835.0,293.0,7,100.0,False,0,car,1450.7552777777787,0.2515350701761847,OnTrack,575.4544944391004,13274.391716222273,1937.992171186424,1,2023,Monza,5.0,0 days 00:00:28.155000,0 days 00:00:29.514000,0 days 00:00:28.507000,0 days 00:01:26.176000,MEDIUM,5.0,29.5,43.1,False,MEDIUM,5.0,23.0
24,2023-09-03 13:29:32.780,0 days 01:28:31.735000,55,48.61222222222136,0 days 00:00:24.040000,10785.0,301.0,8,100.0,False,0,car,1536.9441666666673,0.2664786850967397,OnTrack,1244.6873421313328,13769.928261818159,1940.9182562248018,1,2023,Monza,5.0,0 days 00:00:28.155000,0 days 00:00:29.514000,0 days 00:00:28.507000,0 days 00:01:26.176000,MEDIUM,5.0,29.5,43.1,False,MEDIUM,5.0,24.04
25,2023-09-03 13:29:33.900,0 days 01:28:32.855000,55,48.41222222222132,0 days 00:00:25.160000,11094.0,309.0,8,100.0,False,0,car,1632.177500000001,0.28299044524680783,OnTrack,2109.300075012758,14126.906039922449,1946.8951612946462,1,2023,Monza,5.0,0 days 00:00:28.155000,0 days 00:00:29.514000,0 days 00:00:28.507000,0 days 00:01:26.176000,MEDIUM,5.0,29.5,43.1,False,MEDIUM,5.0,25.16
26,2023-09-03 13:29:34.820,0 days 01:28:33.775000,55,48.001111111110504,0 days 00:00:26.080000,11029.0,309.0,8,100.0,False,0,car,1711.1997222222228,0.2966914880874662,OnTrack,2926.6920759668646,14280.120886626593,1954.707050734813,1,2023,Monza,5.0,0 days 00:00:28.155000,0 days 00:00:29.514000,0 days 00:00:28.507000,0 days 00:01:26.176000,MEDIUM,5.0,29.5,43.1,False,MEDIUM,5.0,26.08
27,2023-09-03 13:29:35.753,0 days 01:28:34.708000,55,46.82027790222115,0 days 00:00:27.013000,10999.531272,311.0,8,100.0,False,0,pos,1791.6703820517644,0.31064366415561223,OnTrack,3703.0,14356.0,1960.0,1,2023,Monza,5.0,0 days 00:00:28.155000,0 days 00:00:29.514000,0 days 00:00:28.507000,0 days 00:01:26.176000,MEDIUM,5.0,29.5,43.1,False,MEDIUM,5.0,27.013
28,2023-09-03 13:29:36.900,0 days 01:28:35.855000,55,44.58999999999878,0 days 00:00:28.160000,10991.0,310.0,8,100.0,False,0,car,1890.6775000000011,0.32780973119842755,OnTrack,4717.137531586926,14434.997217837477,1966.9741462899517,1,2023,Monza,5.0,0 days 00:00:28.155000,0 days 00:00:29.514000,0 days 00:00:28.507000,0 days 00:01:26.176000,MEDIUM,5.0,29.5,43.1,False,MEDIUM,5.0,28.16
29,2023-09-03 13:29:38.100,0 days 01:28:37.055000,55,37.48999999999887,0 days 00:00:29.360000,9352.0,287.0,8,0.0,True,0,car,1990.2552777777787,0.3450747404697972,OnTrack,5682.706700536795,14479.45491137901,1966.9965202403275,1,2023,Monza,5.0,0 days 00:00:28.155000,0 days 00:00:29.514000,0 days 00:00:28.507000,0 days 00:01:26.176000,MEDIUM,5.0,29.5,43.1,False,MEDIUM,5.0,29.36
30,2023-09-03 13:29:38.914,0 days 01:28:37.869000,55,26.457223537776194,0 days 00:00:30.174000,9928.7870928,196.2562648,8,0.0,True,0,pos,2041.6403078355943,0.3539839874941446,OnTrack,6210.0,14498.0,1966.0,1,2023,Monza,5.0,0 days 00:00:28.155000,0 days 00:00:29.514000,0 days 00:00:28.507000,0 days 00:01:26.176000,MEDIUM,5.0,29.5,43.1,False,MEDIUM,5.0,30.174
31,2023-09-03 13:29:39.773,0 days 01:28:38.728000,55,19.494167111109995,0 days 00:00:31.033000,9098.74517504,136.1750016,4,0.0,True,0,pos,2077.5896796818884,0.36021696690056704,OnTrack,6608.0,14546.0,1964.0,1,2023,Monza,5.0,0 days 00:00:28.155000,0 days 00:00:29.514000,0 days 00:00:28.507000,0 days 00:01:26.176000,MEDIUM,5.0,29.5,43.1,False,MEDIUM,5.0,31.033
32,2023-09-03 13:29:40.780,0 days 01:28:39.735000,55,16.178888888888196,0 days 00:00:32.040000,7394.0,106.0,3,2.0,False,0,car,2109.610833333334,0.36576886338801334,OnTrack,6883.036164374559,14705.218601475306,1962.9643230135061,1,2023,Monza,5.0,0 days 00:00:28.155000,0 days 00:00:29.514000,0 days 00:00:28.507000,0 days 00:01:26.176000,MEDIUM,5.0,29.5,43.1,False,MEDIUM,5.0,32.04
33,2023-09-03 13:29:41.940,0 days 01:28:40.895000,55,18.567777777777337,0 days 00:00:33.200000,8171.0,114.0,3,6.0,False,0,car,2143.921944444445,0.3717177976247897,OnTrack,7045.876880158696,14959.40025195016,1960.9996450732936,1,2023,Monza,5.0,0 days 00:00:28.155000,0 days 00:00:29.514000,0 days 00:00:28.507000,0 days 00:01:26.176000,MEDIUM,5.0,29.5,43.1,False,MEDIUM,5.0,33.2
34,2023-09-03 13:29:42.740,0 days 01:28:41.695000,55,22.1899999999996,0 days 00:00:34,8783.0,115.0,3,56.0,False,0,car,2169.110833333334,0.37608510135366663,OnTrack,7288.220621797883,15087.234222636798,1960.4038422488143,1,2023,Monza,5.0,0 days 00:00:28.155000,0 days 00:00:29.514000,0 days 00:00:28.507000,0 days 00:01:26.176000,MEDIUM,5.0,29.5,43.1,False,MEDIUM,5.0,34.0
35,2023-09-03 13:29:43.834,0 days 01:28:42.789000,55,30.666110008888314,0 days 00:00:35.094000,9927.65960448,152.0249952,3,98.95999488,False,0,pos,2210.866966695796,0.38332486956026673,OnTrack,7666.0,15169.0,1958.0,1,2023,Monza,5.0,0 days 00:00:28.155000,0 days 00:00:29.514000,0 days 00:00:28.507000,0 days 00:01:26.176000,MEDIUM,5.0,29.5,43.1,False,MEDIUM,5.0,35.094
36,2023-09-03 13:29:44.814,0 days 01:28:43.769000,55,36.71222293333303,0 days 00:00:36.074000,10916.92002304,191.79000448,4,100.0,False,0,pos,2260.033487368913,0.39184946665618425,OnTrack,8129.0,15286.0,1955.0,1,2023,Monza,5.0,0 days 00:00:28.155000,0 days 00:00:29.514000,0 days 00:00:28.507000,0 days 00:01:26.176000,MEDIUM,5.0,29.5,43.1,False,MEDIUM,5.0,36.074
37,2023-09-03 13:29:45.793,0 days 01:28:44.748000,55,42.64416639999904,0 days 00:00:37.053000,11159.1374624,214.87499733333334,5,100.0,False,0,pos,2315.5137301629816,0.4014687504722485,OnTrack,8654.0,15460.0,1953.0,1,2023,Monza,5.0,0 days 00:00:28.155000,0 days 00:00:29.514000,0 days 00:00:28.507000,0 days 00:01:26.176000,MEDIUM,5.0,29.5,43.1,False,MEDIUM,5.0,37.053
38,2023-09-03 13:29:46.833,0 days 01:28:45.788000,55,44.09055566222078,0 days 00:00:38.093000,10942.0561648,240.3249984,5,100.0,False,0,pos,2382.410679619447,0.41306748744315913,OnTrack,9274.0,15690.0,1950.0,1,2023,Monza,5.0,0 days 00:00:28.155000,0 days 00:00:29.514000,0 days 00:00:28.507000,0 days 00:01:26.176000,MEDIUM,5.0,29.5,43.1,False,MEDIUM,5.0,38.093
39,2023-09-03 13:29:47.893,0 days 01:28:46.848000,55,37.521667057776085,0 days 00:00:39.153000,9859.678564571428,210.10714514285715,6,0.0,True,0,pos,2449.5308356008427,0.4247049244414088,OnTrack,9931.0,15878.0,1944.0,1,2023,Monza,5.0,0 days 00:00:28.155000,0 days 00:00:29.514000,0 days 00:00:28.507000,0 days 00:01:26.176000,MEDIUM,5.0,29.5,43.1,False,MEDIUM,5.0,39.153
40,2023-09-03 13:29:48.820,0 days 01:28:47.775000,55,35.08999999999878,0 days 00:00:40.080000,8909.0,177.0,5,1.0,False,0,car,2497.3830555555564,0.43300164525212476,OnTrack,10399.807756014758,15805.546705697063,1938.996317300971,1,2023,Monza,5.0,0 days 00:00:28.155000,0 days 00:00:29.514000,0 days 00:00:28.507000,0 days 00:01:26.176000,MEDIUM,5.0,29.5,43.1,False,MEDIUM,5.0,40.08
41,2023-09-03 13:29:49.781,0 days 01:28:48.736000,55,37.015277777776646,0 days 00:00:41.041000,9202.0,175.0,5,59.0,False,0,car,2543.3527777777786,0.4409719745573252,OnTrack,10739.929023140057,15504.623346690069,1937.1022114866794,1,2023,Monza,5.0,0 days 00:00:28.155000,0 days 00:00:29.514000,0 days 00:00:28.507000,0 days 00:01:26.176000,MEDIUM,5.0,29.5,43.1,False,MEDIUM,5.0,41.041
42,2023-09-03 13:29:50.780,0 days 01:28:49.735000,55,42.589444444443416,0 days 00:00:42.040000,10193.0,190.0,5,100.0,False,0,car,2594.0366666666673,0.4497596562178715,OnTrack,10914.001680811127,14956.1069618012,1936.08440176805,1,2023,Monza,5.0,0 days 00:00:28.155000,0 days 00:00:29.514000,0 days 00:00:28.507000,0 days 00:01:26.176000,MEDIUM,5.0,29.5,43.1,False,MEDIUM,5.0,42.04
43,2023-09-03 13:29:51.900,0 days 01:28:50.855000,55,47.211666666665224,0 days 00:00:43.160000,11382.0,221.0,5,100.0,False,0,car,2659.492222222223,0.46110848121426057,OnTrack,10972.3307792266,14314.834961530083,1933.0175721245691,1,2023,Monza,5.0,0 days 00:00:28.155000,0 days 00:00:29.514000,0 days 00:00:28.507000,0 days 00:01:26.176000,MEDIUM,5.0,29.5,43.1,False,MEDIUM,5.0,43.16
44,2023-09-03 13:29:52.813,0 days 01:28:51.768000,55,48.41416679110935,0 days 00:00:44.073000,10647.78493952,234.0,6,100.0,False,0,pos,2717.8578499620044,0.4712280392777617,OnTrack,11018.0,13719.0,1932.0,1,2023,Monza,5.0,0 days 00:00:28.155000,0 days 00:00:29.514000,0 days 00:00:28.507000,0 days 00:01:26.176000,MEDIUM,5.0,29.5,43.1,False,MEDIUM,5.0,44.073
45,2023-09-03 13:29:53.900,0 days 01:28:52.855000,55,38.37833333333219,0 days 00:00:45.160000,9714.0,201.0,6,0.0,True,0,car,2786.0811111111125,0.483056735022419,OnTrack,11067.00602798785,13116.73497288071,1933.0264968582192,1,2023,Monza,5.0,0 days 00:00:28.155000,0 days 00:00:29.514000,0 days 00:00:28.507000,0 days 00:01:26.176000,MEDIUM,5.0,29.5,43.1,False,MEDIUM,5.0,45.16
46,2023-09-03 13:29:54.740,0 days 01:28:53.695000,55,36.089444444443416,0 days 00:00:46,8246.0,166.0,5,0.0,False,0,car,2826.6811111111124,0.49009605034015885,OnTrack,11006.690555203159,12720.832125862922,1927.8974617028266,1,2023,Monza,5.0,0 days 00:00:28.155000,0 days 00:00:29.514000,0 days 00:00:28.507000,0 days 00:01:26.176000,MEDIUM,5.0,29.5,43.1,False,MEDIUM,5.0,46.0
47,2023-09-03 13:29:55.740,0 days 01:28:54.695000,55,39.01166666666586,0 days 00:00:47,9205.0,171.0,5,98.0,False,0,car,2872.6922222222233,0.4980735557399292,OnTrack,10703.795694219381,12386.963382819971,1929.749834637781,1,2023,Monza,5.0,0 days 00:00:28.155000,0 days 00:00:29.514000,0 days 00:00:28.507000,0 days 00:01:26.176000,MEDIUM,5.0,29.5,43.1,False,MEDIUM,5.0,47.0
48,2023-09-03 13:29:56.774,0 days 01:28:55.729000,55,44.202222897776615,0 days 00:00:48.034000,10845.4082464,203.8500032,5,100.0,False,0,pos,2928.170541663386,0.5076925060809303,OnTrack,10181.0,12109.0,1926.0,1,2023,Monza,5.0,0 days 00:00:28.155000,0 days 00:00:29.514000,0 days 00:00:28.507000,0 days 00:01:26.176000,MEDIUM,5.0,29.5,43.1,False,MEDIUM,5.0,48.034
49,2023-09-03 13:29:57.814,0 days 01:28:56.769000,55,49.529445013332015,0 days 00:00:49.074000,10735.32969856,231.8500032,5,100.0,False,0,pos,2991.998731087492,0.5187591748374994,OnTrack,9616.0,11808.0,1925.0,1,2023,Monza,5.0,0 days 00:00:28.155000,0 days 00:00:29.514000,0 days 00:00:28.507000,0 days 00:01:26.176000,MEDIUM,5.0,29.5,43.1,False,MEDIUM,5.0,49.074
50,2023-09-03 13:29:58.913,0 days 01:28:57.868000,55,53.28861095110849,0 days 00:00:50.173000,11498.874976,257.2124981333333,6,100.0,False,12,pos,3067.667342094129,0.5318787613530442,OnTrack,8990.0,11461.0,1924.0,1,2023,Monza,5.0,0 days 00:00:28.155000,0 days 00:00:29.514000,0 days 00:00:28.507000,0 days 00:01:26.176000,MEDIUM,5.0,29.5,43.1,False,MEDIUM,5.0,50.173
51,2023-09-03 13:29:59.860,0 days 01:28:58.815000,55,55.200555555553365,0 days 00:00:51.120000,11111.0,274.0,7,100.0,False,12,car,3138.122222222224,0.5440943799957839,OnTrack,8330.384671087277,11088.901727191374,1924.0428175834422,1,2023,Monza,5.0,0 days 00:00:28.155000,0 days 00:00:29.514000,0 days 00:00:28.507000,0 days 00:01:26.176000,MEDIUM,5.0,29.5,43.1,False,MEDIUM,5.0,51.12
52,2023-09-03 13:30:00.740,0 days 01:28:59.695000,55,55.74499999999762,0 days 00:00:52,11431.0,287.0,7,100.0,False,12,car,3207.37777777778,0.5561020571647695,OnTrack,7785.308256171208,10770.026108409194,1927.9583464561165,1,2023,Monza,5.0,0 days 00:00:28.155000,0 days 00:00:29.514000,0 days 00:00:28.507000,0 days 00:01:26.176000,MEDIUM,5.0,29.5,43.1,False,MEDIUM,5.0,52.0
53,2023-09-03 13:30:01.740,0 days 01:29:00.695000,55,55.367222222220335,0 days 00:00:53,10721.0,299.0,8,100.0,False,12,car,3289.3666666666686,0.5703174670524548,OnTrack,7115.577493374058,10274.989620919761,1924.2042485875459,1,2023,Monza,5.0,0 days 00:00:28.155000,0 days 00:00:29.514000,0 days 00:00:28.507000,0 days 00:01:26.176000,MEDIUM,5.0,29.5,43.1,False,MEDIUM,5.0,53.0
54,2023-09-03 13:30:02.774,0 days 01:29:01.729000,55,54.27722193600173,0 days 00:00:54.034000,11082.22699861977,309.7331687953187,8,100.0,False,12,pos,3377.2620872223597,0.5855569641036091,OnTrack,6436.0,9695.0,1905.0,1,2023,Monza,5.0,0 days 00:00:28.155000,0 days 00:00:29.514000,0 days 00:00:28.507000,0 days 00:01:26.176000,MEDIUM,5.0,29.5,43.1,False,MEDIUM,5.0,54.034
55,2023-09-03 13:30:03.780,0 days 01:29:02.735000,55,51.35777777777548,0 days 00:00:55.040000,11270.0,318.0,8,100.0,False,12,car,3465.6650000000013,0.6008844512476602,OnTrack,5785.617297560406,9130.36554897796,1883.913995215087,1,2023,Monza,5.0,0 days 00:00:28.155000,0 days 00:00:29.514000,0 days 00:00:28.507000,0 days 00:01:26.176000,MEDIUM,5.0,29.5,43.1,False,MEDIUM,5.0,55.04
56,2023-09-03 13:30:04.754,0 days 01:29:03.709000,55,47.73277831110903,0 days 00:00:56.014000,11300.191672533334,320.0,8,100.0,False,12,pos,3552.076400382495,0.6158666456895282,OnTrack,5132.0,8562.0,1876.0,1,2023,Monza,5.0,0 days 00:00:28.155000,0 days 00:00:29.514000,0 days 00:00:28.507000,0 days 00:01:26.176000,MEDIUM,5.0,29.5,43.1,False,MEDIUM,5.0,56.014
57,2023-09-03 13:30:05.780,0 days 01:29:04.735000,55,42.82444444444263,0 days 00:00:57.040000,11393.0,322.0,8,100.0,False,12,car,3643.6094444444457,0.6317368417275738,OnTrack,4434.392959617995,7954.982597728291,1887.8060125368017,1,2023,Monza,5.0,0 days 00:00:28.155000,0 days 00:00:29.514000,0 days 00:00:28.507000,0 days 00:01:26.176000,MEDIUM,5.0,29.5,43.1,False,MEDIUM,5.0,57.04
58,2023-09-03 13:30:06.793,0 days 01:29:05.748000,55,36.75611150221997,0 days 00:00:58.053000,10984.091790933333,320.0,8,27.916693333333335,False,12,pos,3733.901634111962,0.6473918957620276,OnTrack,3734.0,7346.0,1901.0,1,2023,Monza,5.0,0 days 00:00:28.155000,0 days 00:00:29.514000,0 days 00:00:28.507000,0 days 00:01:26.176000,MEDIUM,5.0,29.5,43.1,False,MEDIUM,5.0,58.053
59,2023-09-03 13:30:07.900,0 days 01:29:06.855000,55,28.746666666665078,0 days 00:00:59.160000,9755.0,264.0,8,0.0,True,0,car,3824.1650000000004,0.6630419522676047,OnTrack,2989.420388954178,6698.1504716504705,1908.7853147417065,1,2023,Monza,5.0,0 days 00:00:28.155000,0 days 00:00:29.514000,0 days 00:00:28.507000,0 days 00:01:26.176000,MEDIUM,5.0,29.5,43.1,False,MEDIUM,5.0,59.16
60,2023-09-03 13:30:08.954,0 days 01:29:07.909000,55,24.43444465777558,0 days 00:01:00.214000,8823.2002816,181.3000064,5,0.0,True,0,pos,3883.9004322664964,0.6733990099859632,OnTrack,2646.0,6349.0,1909.0,1,2023,Monza,5.0,0 days 00:00:28.155000,0 days 00:00:29.514000,0 days 00:00:28.507000,0 days 00:01:26.176000,MEDIUM,5.0,29.5,43.1,False,MEDIUM,5.0,60.214
61,2023-09-03 13:30:09.861,0 days 01:29:08.816000,55,25.334722222219625,0 days 00:01:01.121000,8443.0,161.0,5,47.0,False,0,car,3925.5230555555568,0.6806156299288992,OnTrack,2542.908027179305,5920.937955235421,1905.8664888093606,1,2023,Monza,5.0,0 days 00:00:28.155000,0 days 00:00:29.514000,0 days 00:00:28.507000,0 days 00:01:26.176000,MEDIUM,5.0,29.5,43.1,False,MEDIUM,5.0,61.121
62,2023-09-03 13:30:10.780,0 days 01:29:09.735000,55,30.639444444441324,0 days 00:01:02.040000,9854.0,183.0,5,100.0,False,0,car,3969.975555555557,0.6883228999821464,OnTrack,2524.4359554362427,5453.6712879380875,1904.7092189213056,1,2023,Monza,5.0,0 days 00:00:28.155000,0 days 00:00:29.514000,0 days 00:00:28.507000,0 days 00:01:26.176000,MEDIUM,5.0,29.5,43.1,False,MEDIUM,5.0,62.04
63,2023-09-03 13:30:11.774,0 days 01:29:10.729000,55,32.92111150221883,0 days 00:01:03.034000,10578.7625264,204.906252,5,93.7937544,False,0,pos,4025.125886514988,0.6978849829747855,OnTrack,2352.0,5013.0,1901.0,1,2023,Monza,5.0,0 days 00:00:28.155000,0 days 00:00:29.514000,0 days 00:00:28.507000,0 days 00:01:26.176000,MEDIUM,5.0,29.5,43.1,False,MEDIUM,5.0,63.034
64,2023-09-03 13:30:12.820,0 days 01:29:11.775000,55,35.117222222218516,0 days 00:01:04.080000,10584.0,230.0,6,100.0,False,0,car,4089.886666666668,0.7091133463174087,OnTrack,1941.6848610611048,4536.80660689272,1897.7825343794755,1,2023,Monza,5.0,0 days 00:00:28.155000,0 days 00:00:29.514000,0 days 00:00:28.507000,0 days 00:01:26.176000,MEDIUM,5.0,29.5,43.1,False,MEDIUM,5.0,64.08
65,2023-09-03 13:30:13.853,0 days 01:29:12.808000,55,36.64861109332917,0 days 00:01:05.113000,11353.037448533334,248.54999893333334,6,100.0,False,0,pos,4159.409428118968,0.7211673522194469,OnTrack,1737.0,3829.0,1896.0,1,2023,Monza,5.0,0 days 00:00:28.155000,0 days 00:00:29.514000,0 days 00:00:28.507000,0 days 00:01:26.176000,MEDIUM,5.0,29.5,43.1,False,MEDIUM,5.0,65.113
66,2023-09-03 13:30:14.820,0 days 01:29:13.775000,55,37.89499999999589,0 days 00:01:06.080000,10581.0,266.0,7,100.0,False,0,car,4229.097777777779,0.7332500681608578,OnTrack,1676.1319596818287,3188.2207866678855,1892.1140695608187,1,2023,Monza,5.0,0 days 00:00:28.155000,0 days 00:00:29.514000,0 days 00:00:28.507000,0 days 00:01:26.176000,MEDIUM,5.0,29.5,43.1,False,MEDIUM,5.0,66.08
67,2023-09-03 13:30:15.740,0 days 01:29:14.695000,55,39.36166666666213,0 days 00:01:07,11191.0,280.0,7,100.0,False,0,car,4299.30888888889,0.7454234216071627,OnTrack,1598.703215107093,2342.4833043577264,1886.56900999078,1,2023,Monza,5.0,0 days 00:00:28.155000,0 days 00:00:29.514000,0 days 00:00:28.507000,0 days 00:01:26.176000,MEDIUM,5.0,29.5,43.1,False,MEDIUM,5.0,67.0
68,2023-09-03 13:30:16.741,0 days 01:29:15.696000,55,40.285277777772535,0 days 00:01:08.001000,11542.0,293.0,7,100.0,False,0,car,4379.431666666668,0.7593152811369899,OnTrack,1534.9316155498389,1645.3797743423102,1883.2239469827769,1,2023,Monza,5.0,0 days 00:00:28.155000,0 days 00:00:29.514000,0 days 00:00:28.507000,0 days 00:01:26.176000,MEDIUM,5.0,29.5,43.1,False,MEDIUM,5.0,68.001
69,2023-09-03 13:30:17.814,0 days 01:29:16.769000,55,40.93833336888528,0 days 00:01:09.074000,10834.8000256,303.4437512,8,100.0,False,0,pos,4468.604671907859,0.774776288568596,OnTrack,1453.0,759.0,1877.0,1,2023,Monza,5.0,0 days 00:00:28.155000,0 days 00:00:29.514000,0 days 00:00:28.507000,0 days 00:01:26.176000,MEDIUM,5.0,29.5,43.1,False,MEDIUM,5.0,69.074
70,2023-09-03 13:30:18.820,0 days 01:29:17.775000,55,40.895555555552164,0 days 00:01:10.080000,11102.0,312.0,8,100.0,False,0,car,4554.960833333333,0.7897489055612945,OnTrack,1374.4085384462373,-103.96768751531883,1872.3173968289148,1,2023,Monza,5.0,0 days 00:00:28.155000,0 days 00:00:29.514000,0 days 00:00:28.507000,0 days 00:01:26.176000,MEDIUM,5.0,29.5,43.1,False,MEDIUM,5.0,70.08
71,2023-09-03 13:30:19.793,0 days 01:29:18.748000,55,40.04777784888471,0 days 00:01:11.053000,11138.0,316.0,8,100.0,False,0,pos,4640.05655106783,0.8045029841160364,OnTrack,1287.0,-1050.0,1867.0,1,2023,Monza,5.0,0 days 00:00:28.155000,0 days 00:00:29.514000,0 days 00:00:28.507000,0 days 00:01:26.176000,MEDIUM,5.0,29.5,43.1,False,MEDIUM,5.0,71.053
72,2023-09-03 13:30:20.780,0 days 01:29:19.735000,55,37.906666666662204,0 days 00:01:12.040000,11318.0,320.0,8,100.0,False,0,car,4727.427500000001,0.8196515471491324,OnTrack,1238.67324222046,-1579.16608166414,1864.5807734483433,1,2023,Monza,5.0,0 days 00:00:28.155000,0 days 00:00:29.514000,0 days 00:00:28.507000,0 days 00:01:26.176000,MEDIUM,5.0,29.5,43.1,False,MEDIUM,5.0,72.04
73,2023-09-03 13:30:21.820,0 days 01:29:20.775000,55,34.00666666666166,0 days 00:01:13.080000,11555.0,326.0,8,100.0,False,0,car,4821.205277777778,0.8359109399465391,OnTrack,1131.747694900121,-2738.745700024535,1857.6906396610539,1,2023,Monza,5.0,0 days 00:00:28.155000,0 days 00:00:29.514000,0 days 00:00:28.507000,0 days 00:01:26.176000,MEDIUM,5.0,29.5,43.1,False,MEDIUM,5.0,73.08
74,2023-09-03 13:30:22.914,0 days 01:29:21.869000,55,27.325278204440664,0 days 00:01:14.174000,11665.474991644445,329.9249998222222,8,100.0,False,0,pos,4921.073360737339,0.853226282954681,OnTrack,1036.0,-3767.0,1851.0,1,2023,Monza,5.0,0 days 00:00:28.155000,0 days 00:00:29.514000,0 days 00:00:28.507000,0 days 00:01:26.176000,MEDIUM,5.0,29.5,43.1,False,MEDIUM,5.0,74.174
75,2023-09-03 13:30:23.754,0 days 01:29:22.709000,55,24.339722079994583,0 days 00:01:15.014000,10308.414206171428,288.92144365714285,8,0.0,True,0,pos,4993.964920885688,0.865864378419859,OnTrack,946.0,-4595.0,1848.0,1,2023,Monza,5.0,0 days 00:00:28.155000,0 days 00:00:29.514000,0 days 00:00:28.507000,0 days 00:01:26.176000,MEDIUM,5.0,29.5,43.1,False,MEDIUM,5.0,75.014
76,2023-09-03 13:30:24.740,0 days 01:29:23.695000,55,23.43527777777217,0 days 00:01:16,10513.0,210.0,6,0.0,True,0,car,5058.701944444445,0.8770886227933083,OnTrack,832.0552845272623,-5129.4106586154,1845.6552679700676,1,2023,Monza,5.0,0 days 00:00:28.155000,0 days 00:00:29.514000,0 days 00:00:28.507000,0 days 00:01:26.176000,MEDIUM,5.0,29.5,43.1,False,MEDIUM,5.0,76.0
77,2023-09-03 13:30:25.820,0 days 01:29:24.775000,55,23.913055555550272,0 days 00:01:17.080000,9348.0,182.0,5,10.0,False,0,car,5116.213055555556,0.8870600229259361,OnTrack,539.8144585453379,-5625.862725573245,1842.2056293397106,1,2023,Monza,5.0,0 days 00:00:28.155000,0 days 00:00:29.514000,0 days 00:00:28.507000,0 days 00:01:26.176000,MEDIUM,5.0,29.5,43.1,False,MEDIUM,5.0,77.08
78,2023-09-03 13:30:26.893,0 days 01:29:25.848000,55,25.271388711104912,0 days 00:01:18.153000,9501.699978971428,181.9249993142857,5,63.0,False,0,pos,5169.765713606853,0.8963450979536746,OnTrack,44.0,-5801.0,1843.0,1,2023,Monza,5.0,0 days 00:00:28.155000,0 days 00:00:29.514000,0 days 00:00:28.507000,0 days 00:01:26.176000,MEDIUM,5.0,29.5,43.1,False,MEDIUM,5.0,78.153
79,2023-09-03 13:30:27.953,0 days 01:29:26.908000,55,30.314999662216266,0 days 00:01:19.213000,10910.6367488,202.467104,5,99.11184,False,0,pos,5228.119878645929,0.9064626685894749,OnTrack,-543.0,-5632.0,1845.0,1,2023,Monza,5.0,0 days 00:00:28.155000,0 days 00:00:29.514000,0 days 00:00:28.507000,0 days 00:01:26.176000,MEDIUM,5.0,29.5,43.1,False,MEDIUM,5.0,79.213
80,2023-09-03 13:30:28.820,0 days 01:29:27.775000,55,33.357499999993706,0 days 00:01:20.080000,11770.0,227.0,5,100.0,False,0,car,5280.868611111113,0.9156083572701036,OnTrack,-948.785333554351,-5272.257888601824,1846.0131941557122,1,2023,Monza,5.0,0 days 00:00:28.155000,0 days 00:00:29.514000,0 days 00:00:28.507000,0 days 00:01:26.176000,MEDIUM,5.0,29.5,43.1,False,MEDIUM,5.0,80.08
81,2023-09-03 13:30:29.794,0 days 01:29:28.749000,55,36.13361091554802,0 days 00:01:21.054000,11176.685672228572,245.47142765714287,6,100.0,False,0,pos,5345.542147567422,0.9268215941131898,OnTrack,-1263.0,-4734.0,1849.0,1,2023,Monza,5.0,0 days 00:00:28.155000,0 days 00:00:29.514000,0 days 00:00:28.507000,0 days 00:01:26.176000,MEDIUM,5.0,29.5,43.1,False,MEDIUM,5.0,81.054
82,2023-09-03 13:30:30.740,0 days 01:29:29.695000,55,38.3805555555482,0 days 00:01:22,10559.0,263.0,6,100.0,False,0,car,5413.084166666668,0.9385321746461064,OnTrack,-1444.0159673859005,-4085.165693573471,1852.9342158290665,1,2023,Monza,5.0,0 days 00:00:28.155000,0 days 00:00:29.514000,0 days 00:00:28.507000,0 days 00:01:26.176000,MEDIUM,5.0,29.5,43.1,False,MEDIUM,5.0,82.0
83,2023-09-03 13:30:31.780,0 days 01:29:30.735000,55,40.38055555554729,0 days 00:01:23.040000,11147.0,277.0,7,100.0,False,0,car,5492.006388888892,0.9522158792716967,OnTrack,-1498.2689525859962,-3314.283443141559,1857.2729769001487,1,2023,Monza,5.0,0 days 00:00:28.155000,0 days 00:00:29.514000,0 days 00:00:28.507000,0 days 00:01:26.176000,MEDIUM,5.0,29.5,43.1,False,MEDIUM,5.0,83.04
84,2023-09-03 13:30:32.900,0 days 01:29:31.855000,55,42.124999999991815,0 days 00:01:24.160000,11526.0,291.0,7,100.0,False,8,car,5581.317500000002,0.9677008317960515,OnTrack,-1485.8978987492603,-2424.960478585846,1861.592183796231,1,2023,Monza,5.0,0 days 00:00:28.155000,0 days 00:00:29.514000,0 days 00:00:28.507000,0 days 00:01:26.176000,MEDIUM,5.0,29.5,43.1,False,MEDIUM,5.0,84.16
85,2023-09-03 13:30:33.740,0 days 01:29:32.695000,55,42.92499999999109,0 days 00:01:25,10718.0,301.0,8,100.0,False,8,car,5651.050833333336,0.979791347103697,OnTrack,-1452.6203882286334,-1743.8561610422591,1866.5125282295135,1,2023,Monza,5.0,0 days 00:00:28.155000,0 days 00:00:29.514000,0 days 00:00:28.507000,0 days 00:01:26.176000,MEDIUM,5.0,29.5,43.1,False,MEDIUM,5.0,85.0
86,2023-09-03 13:30:34.853,0 days 01:29:33.808000,55,43.58972220443482,0 days 00:01:26.113000,11043.8999808,310.7062496,8,100.0,False,8,pos,5746.143362244043,0.9962786942801442,OnTrack,-1384.0,-799.0,1871.0,1,2023,Monza,5.0,0 days 00:00:28.155000,0 days 00:00:29.514000,0 days 00:00:28.507000,0 days 00:01:26.176000,MEDIUM,5.0,29.5,43.1,False,MEDIUM,5.0,86.113
